Job,Company,Location,Salary,Link
BI Analyst,SportyBet,"EUROPE, UK, EUR..",ðŸ’¸ $40K - $100K,https://remotive.com/remote-jobs/software-dev/bi-analyst-1480867
"Senior Software Engineer, Python",AssemblyAI,"NORTH AMERICA, ..",ðŸ’¸ $125K - $200K,https://remotive.com/remote-jobs/software-dev/senior-software-engineer-python-1350221
Frontend Engineer,SportyBet,"EUROPE, UK, EUR..",ðŸ’¸ $40K - $100K,https://remotive.com/remote-jobs/software-dev/frontend-engineer-1480863
Backend Engineer,SportyBet,"EUROPE, UK, EUR..",ðŸ’¸ $40K - $100K,https://remotive.com/remote-jobs/software-dev/backend-engineer-1480862
Senior Independent Software Developer,A.Team,WORLDWIDE,ðŸ’¸ $110-190 HOURLY,https://remotive.com/remote-jobs/software-dev/senior-independent-software-developer-814298
Frontend Developer (JavaScript + React),Toggl Hire,"EUROPE, EUROPEA..",ðŸ’¸ â‚¬63K,https://remotive.com/remote-jobs/software-dev/frontend-developer-javascript-react-1501053
Senior Full Stack Developer,Proxify,WORLDWIDE,ðŸ’¸ $50K-$70K,https://remotive.com/remote-jobs/software-dev/senior-full-stack-developer-1359476
Next.js/React Developer,Labor Sync,"ðŸ‡ºðŸ‡¸
USA ONLY",ðŸ’¸ $75K STARTING,https://remotive.com/remote-jobs/software-dev/next-js-react-developer-1498640
"Fullstack Developer (React, React Native, Node.js) - Remote",G2i,"AMERICAS, LATAM..",ðŸ’¸ $60K - $140K,https://remotive.com/remote-jobs/software-dev/fullstack-developer-react-react-native-node-js-remote-1162831
iOS Developer,MirrorMe3D,WORLDWIDE,ðŸ’¸ $70K-$80K,https://remotive.com/remote-jobs/software-dev/ios-developer-1497219
Embedded Firmware Developer (m/f/x),Proemion,EUROPE,SOFTWARE DEVELOPMENT,https://remotive.com/remote-jobs/software-dev/embedded-firmware-developer-m-f-x-1490792
Frontend Engineering Manager,Close,AMERICAS,SOFTWARE DEVELOPMENT,https://remotive.com/remote-jobs/software-dev/frontend-engineering-manager-1490043
Senior Java Developer,Bonfire,"LATAM, EUROPEAN..",SOFTWARE DEVELOPMENT,https://remotive.com/remote-jobs/software-dev/senior-java-developer-1229392
Freelance TIBCO Developer,Toptal,WORLDWIDE,ðŸ’¸ $50K - $300K,https://remotive.com/remote-jobs/software-dev/freelance-tibco-developer-1255705
Technical Advocate,Discourse,"EMEA, APAC, UTC..",SOFTWARE DEVELOPMENT,https://remotive.com/remote-jobs/software-dev/technical-advocate-1424260
Technical Advocate - Migration Specialist,Discourse,WORLDWIDE,SOFTWARE DEVELOPMENT,https://remotive.com/remote-jobs/software-dev/technical-advocate-migration-specialist-1423927
Full Stack Engineer,GIG-A,EMEA,ðŸ’¸ â‚¬50K - â‚¬70K,https://remotive.com/remote-jobs/software-dev/full-stack-engineer-1226094
"Senior Software Engineer - Front-end, Typescript",Iterative,WORLDWIDE,ðŸ’¸ $80K-$180K,https://remotive.com/remote-jobs/software-dev/senior-software-engineer-front-end-typescript-1187421
"Senior Software Engineer - DevTools, Open Source, Python",Iterative,WORLDWIDE,ðŸ’¸ $80K-$180K,https://remotive.com/remote-jobs/software-dev/senior-software-engineer-devtools-open-source-python-1187416
Senior Front-end Developer,Proxify AB,WORLDWIDE,ðŸ’¸ $50K-$70K,https://remotive.com/remote-jobs/software-dev/senior-front-end-developer-1383531
Senior Solidity Developer,Proxify AB,WORLDWIDE,ðŸ’¸ $60K - $80K,https://remotive.com/remote-jobs/software-dev/senior-solidity-developer-1422554
Senior Frontend Engineer (f/m/d),Hygraph,WORLDWIDE,SOFTWARE DEVELOPMENT,https://remotive.com/remote-jobs/software-dev/senior-frontend-engineer-f-m-d-1421232
Flutter Developer,lemon.io,"LATAM, EUROPE, ..",ðŸ’¸ $60K-120K/YEAR,https://remotive.com/remote-jobs/software-dev/flutter-developer-1474908
Laravel PHP Backend Engineer,FM,WORLDWIDE,ðŸ’¸ $60K - $100K,https://remotive.com/remote-jobs/software-dev/laravel-php-backend-engineer-1479998
Software Engineer - Customer Solutions,Discourse,AMERICAS,ðŸ’¸ SALARY DEPENDEN..,https://remotive.com/remote-jobs/software-dev/software-engineer-customer-solutions-1473929
DevOps Engineer,TheyDo,EUROPEAN TIMEZO..,ðŸ’¸ $75K - $100K,https://remotive.com/remote-jobs/devops/devops-engineer-1502466
DevOps Engineer,SportyBet,NORTHERN AMERIC..,ðŸ’¸ $40K - $100K,https://remotive.com/remote-jobs/devops/devops-engineer-1480864
Information Security Engineer,SportyBet,"EUROPE, UK, EUR..",ðŸ’¸ $40K - $100K,https://remotive.com/remote-jobs/devops/information-security-engineer-1480865
DevOps Engineer (f/m/d),Hygraph,"NORTH AMERICA, ..",DEVOPS / SYSADMIN,https://remotive.com/remote-jobs/devops/devops-engineer-f-m-d-1421258
DevOps Engineer M/F/X,Reveal,WORLDWIDE,DEVOPS / SYSADMIN,https://remotive.com/remote-jobs/devops/devops-engineer-m-f-x-1496200
Application Security Engineer - Mobile,Blue Owl,"ðŸ‡ºðŸ‡¸
USA ONLY",DEVOPS / SYSADMIN,https://remotive.com/remote-jobs/devops/application-security-engineer-mobile-1493724
Gradle Build Tool â€” Application Security Engineer,Gradle,WORLDWIDE,DEVOPS / SYSADMIN,https://remotive.com/remote-jobs/devops/gradle-build-tool-application-security-engineer-1493479
Software Engineer - Wolfram Cloud,Wolframresearch,"ðŸ‡ºðŸ‡¸
USA ONLY",DEVOPS / SYSADMIN,https://remotive.com/remote-jobs/devops/software-engineer-wolfram-cloud-1494582
Sr. DevOps Engineer,nimbus-consulting,"ðŸ‡ºðŸ‡¸
USA ONLY",DEVOPS / SYSADMIN,https://remotive.com/remote-jobs/devops/sr-devops-engineer-1496768
Information Security Analyst,Evotek,"ðŸ‡ºðŸ‡¸
USA ONLY",DEVOPS / SYSADMIN,https://remotive.com/remote-jobs/devops/information-security-analyst-1496459
Junior DevOps Engineer,Mechanicode.io,"ðŸ‡ºðŸ‡¸
USA ONLY",DEVOPS / SYSADMIN,https://remotive.com/remote-jobs/devops/junior-devops-engineer-1495696
Security Advisor,Halborn,"ðŸ‡ºðŸ‡¸
USA ONLY",DEVOPS / SYSADMIN,https://remotive.com/remote-jobs/devops/security-advisor-1485331
Sr. DevOps Engineer,TekRecruiter,"ðŸ‡ºðŸ‡¸
USA ONLY",DEVOPS / SYSADMIN,https://remotive.com/remote-jobs/devops/sr-devops-engineer-1488156
Database Reliability Engineer,Wikimedia,"ðŸ‡ºðŸ‡¸
USA ONLY",DEVOPS / SYSADMIN,https://remotive.com/remote-jobs/devops/database-reliability-engineer-1487434
Application Security Engineer,Guidepointsecurity,"ðŸ‡ºðŸ‡¸
USA ONLY",DEVOPS / SYSADMIN,https://remotive.com/remote-jobs/devops/application-security-engineer-1486404
Senior Site Reliability Engineer,Multi Media LLC,EUROPE,DEVOPS / SYSADMIN,https://remotive.com/remote-jobs/devops/senior-site-reliability-engineer-1486784
Customer Reliability Engineer,Isovalent,WORLDWIDE,DEVOPS / SYSADMIN,https://remotive.com/remote-jobs/devops/customer-reliability-engineer-1486808
Information Security Engineer,DoubleCloud,GERMANY,DEVOPS / SYSADMIN,https://remotive.com/remote-jobs/devops/information-security-engineer-1488164
"Offensive Security Engineer - Blockchain, DeFi",Halborn,"ðŸ‡ºðŸ‡¸
USA ONLY",DEVOPS / SYSADMIN,https://remotive.com/remote-jobs/devops/offensive-security-engineer-blockchain-defi-1485329
Senior Business Systems Manager,AtoB,"USA, CANADA",DEVOPS / SYSADMIN,https://remotive.com/remote-jobs/devops/senior-business-systems-manager-1485880
Senior DevOps Engineer,Avaaz,WORLDWIDE,DEVOPS / SYSADMIN,https://remotive.com/remote-jobs/devops/senior-devops-engineer-1486908
Cloud Engineering Manager,Canonical,WORLDWIDE,DEVOPS / SYSADMIN,https://remotive.com/remote-jobs/devops/cloud-engineering-manager-1487674
Cloud Architect (AWS) - Kunai client,Kunai,"ðŸ‡ºðŸ‡¸
USA ONLY",DEVOPS / SYSADMIN,https://remotive.com/remote-jobs/devops/cloud-architect-aws-kunai-client-1485711
Security Controls Analyst,Shuvel Digital,"ðŸ‡ºðŸ‡¸
USA ONLY",DEVOPS / SYSADMIN,https://remotive.com/remote-jobs/devops/security-controls-analyst-1486431
Benefits Administration - Systems Specialist,Newfront,"ðŸ‡ºðŸ‡¸
USA ONLY",DEVOPS / SYSADMIN,https://remotive.com/remote-jobs/devops/benefits-administration-systems-specialist-1480761
US Rater,TELUS International,"ðŸ‡ºðŸ‡¸
USA ONLY",ðŸ’¸ $14/HOUR,https://remotive.com/remote-jobs/data/us-rater-1437353
Data Engineer (SQL),Whiz LATAM,"ðŸ‡ºðŸ‡¸
USA ONLY",DATA,https://remotive.com/remote-jobs/data/data-engineer-sql-1488393
Data Researcher & Annotator - Healthcare,John Snow Labs,"ðŸ‡ºðŸ‡¸
USA ONLY",DATA,https://remotive.com/remote-jobs/data/data-researcher-annotator-healthcare-1488794
Data Marketing Expert,Culture Flipper,GERMANY,DATA,https://remotive.com/remote-jobs/data/data-marketing-expert-1488163
Data Engineer Manager,Seedtag,SPAIN,DATA,https://remotive.com/remote-jobs/data/data-engineer-manager-1489929
Data Scientist,Retain,"ðŸ‡ºðŸ‡¸
USA ONLY",DATA,https://remotive.com/remote-jobs/data/data-scientist-1487576
Healthcare Data Scientist,John Snow Labs,WORLDWIDE,DATA,https://remotive.com/remote-jobs/data/healthcare-data-scientist-1488795
Database Administrator,Wikimedia,WORLDWIDE,DATA,https://remotive.com/remote-jobs/data/database-administrator-1487432
"Senior Associate, Data Science",Bully Pulpit Interactive,"ðŸ‡ºðŸ‡¸
USA ONLY",DATA,https://remotive.com/remote-jobs/data/senior-associate-data-science-1491139
Epic Data Engineer,Prominence Advisors,"ðŸ‡ºðŸ‡¸
USA ONLY",DATA,https://remotive.com/remote-jobs/data/epic-data-engineer-1489279
IT Data Analyst,Allied Benefit Systems,"ðŸ‡ºðŸ‡¸
USA ONLY",DATA,https://remotive.com/remote-jobs/data/it-data-analyst-1489697
Head of Data Analytics,Carry1st,WORLDWIDE,DATA,https://remotive.com/remote-jobs/data/head-of-data-analytics-1489341
Data Architect,VELCO,"ðŸ‡ºðŸ‡¸
USA ONLY",DATA,https://remotive.com/remote-jobs/data/data-architect-1481934
Data Platform Lead,Pensa Systems,"ðŸ‡ºðŸ‡¸
USA ONLY",DATA,https://remotive.com/remote-jobs/data/data-platform-lead-1482969
Database Developer,Klika,BOSNIA AND HERZ..,DATA,https://remotive.com/remote-jobs/data/database-developer-1479872
Data Engineer - Geospatial,ready,"ðŸ‡ºðŸ‡¸
USA ONLY",DATA,https://remotive.com/remote-jobs/data/data-engineer-geospatial-1482480
Senior Data Analyst,QS,UK,DATA,https://remotive.com/remote-jobs/data/senior-data-analyst-1480581
Senior Development Data Security Operations,Mind Computing,"ðŸ‡ºðŸ‡¸
USA ONLY",DATA,https://remotive.com/remote-jobs/data/senior-development-data-security-operations-1482293
Data Engineer (video games),mod.io,AUSTRALIA,DATA,https://remotive.com/remote-jobs/data/data-engineer-video-games-1481695
Data Scientist,Talent Hackers,SPAIN,DATA,https://remotive.com/remote-jobs/data/data-scientist-1482137
Data Science Product Manager,Dext,UK,DATA,https://remotive.com/remote-jobs/data/data-science-product-manager-1482045
Data Analyst,DirectID,UK,DATA,https://remotive.com/remote-jobs/data/data-analyst-1479852
Data Engineer,MEMX,"ðŸ‡ºðŸ‡¸
USA ONLY",DATA,https://remotive.com/remote-jobs/data/data-engineer-1480706
"Technical Data Analyst, Peacock","NBCUniversal, LLC","ðŸ‡ºðŸ‡¸
USA ONLY",DATA,https://remotive.com/remote-jobs/data/technical-data-analyst-peacock-1445854
Sr. Data Engineer,TalentRemedy,"ðŸ‡ºðŸ‡¸
USA ONLY",DATA,https://remotive.com/remote-jobs/data/sr-data-engineer-1446623
